key,share
input.coal,2.50825816650071E-01
input.cokes,7.49174183349929E-01
output.coal_gas,4.69419481929039E-01