key,share
output.coal_gas,1.98556890417182E-01
output.cokes,7.59071661399803E-01