key,share
input.coal,2.50825890126025E-01
input.cokes,7.49174109873975E-01
output.coal_gas,4.69419456428644E-01