key,share
input.electricity,3.91655729778269E-02
input.coal_gas,9.60834427022173E-01
input.coupling_carrier,1.04155211715134E+01