key,share
input.bio_oil,6.50422479858518E-02
input.crude_oil,8.65788956573001E-02
input.network_gas,8.48378856356848E-01