key,share
input.bio_oil,0.00000000000000E+00
input.crude_oil,7.51886535732801E-02
input.network_gas,9.24811346426720E-01