key,share
input.coal,3.98107640586667E-01
input.cokes,6.01892359413333E-01
output.coal_gas,4.00039678177867E-01