key,demand,max_demand
energy_production_biogenic_waste,3.55681600000000E+04,3.76110000000000E+04
energy_production_non_biogenic_waste,2.79466400000000E+04,2.95510000000000E+04
energy_production_oily_biomass,2.79466400000000E+04,2.95510000000000E+04
energy_production_wet_biomass,2.79466400000000E+04,2.95510000000000E+04
energy_production_dry_biomass,,8.65871706067200E+04
