key,demand,max_demand
energy_production_biogenic_waste,3.24237500000000E+04,1.40483000000000E+05
energy_production_non_biogenic_waste,3.19548700000000E+04,1.38451000000000E+05
energy_production_oily_biomass,3.19548700000000E+04,1.38451000000000E+05
energy_production_wet_biomass,3.19548700000000E+04,1.38451000000000E+05
energy_production_woody_biomass,,1.31891376175200E+05
