key,demand,max_demand
energy_production_biogenic_waste,7.35357000000000E+03,5.59930000000000E+04
energy_production_non_biogenic_waste,7.35357000000000E+03,5.59930000000000E+04
energy_production_oily_biomass,7.35357000000000E+03,5.59930000000000E+04
energy_production_wet_biomass,7.35357000000000E+03,5.59930000000000E+04
energy_production_woody_biomass,,2.76816826805760E+05
