key,share
input.electricity,4.01119641878499E-02
input.coal_gas,9.59888035812150E-01
input.coupling_carrier,9.84007201356272E+00