key,share
input.bio_oil,0.00000000000000E+00
input.crude_oil,3.14863030587913E-01
input.network_gas,6.85136969412087E-01