key,share
input.electricity,3.59773598600726E-03
input.coal,9.96402264013993E-01
output.cokes,7.05601822343020E-01
output.coal_gas,1.09426068283339E-01