key,share
output.coal_gas,2.01540436298070E-01
output.cokes,7.08149557489475E-01