key,share
input.electricity,3.87806462962365E-02
input.coal_gas,9.61219353703764E-01
input.cokes,0.0000000000000E+00