key,share
input.bio_oil,0.00000000000000E+00
input.crude_oil,1.67348064666163E-01
input.network_gas,8.32651935333837E-01