key,share
input.coal,4.20504906658791E-01
input.cokes,5.79495093341209E-01
output.coal_gas,3.99895123695019E-01