key,share
input.electricity,3.78760822897335E-02
input.coal_gas,9.62123917710267E-01
input.coupling_carrier,1.04898787160183E+01