key,share
input.coal,3.91683437555641E-01
input.cokes,6.08316562444359E-01
output.coal_gas,4.00029027576197E-01