key,share
output.steam_hot_water,9.451594674465936E-01
output.loss,5.4840532553406374E-02
