key,share
input.bio_oil,0.00000000000000E+00
input.crude_oil,1.43083172636142E-01
input.network_gas,8.56916827363858E-01