key,share
input.bio_oil,0.00000000000000E+00
input.crude_oil,9.88673819369718E-02
input.network_gas,9.01132618063028E-01