key,share
input.coal,4.42157024765920E-01
input.cokes,5.57842975234080E-01
output.coal_gas,3.52870450724913E-01