key,share
input.coal,4.40102649462921E-01
input.cokes,5.59897350537079E-01
output.coal_gas,4.00028846858287E-01