key,share
output.coal_gas,2.01181414633627E-01
output.cokes,7.10233550857932E-01