key,share
input.network_gas,1.58772089720734E-01
input.electricity,1.52950529141685E-01
input.ambient_heat,6.88277381137581E-01