key,share
input.network_gas,1.58920794699111E-01
input.electricity,1.52923491872889E-01
input.ambient_heat,6.88155713427999E-01