key,share
input.network_gas,2.72947970181854E-01
input.electricity,1.81763007454536E-01
input.ambient_heat,5.45289022363609E-01