key,share
input.electricity,2.58000000000000E-01
input.coal,1.76000000000000E-01
input.network_gas,5.66000000000000E-01
output.not_defined,2.04500000000000E-01