key,share
input.electricity,2.44488980000000E-01
input.coal,1.76352700000000E-01
input.network_gas,5.79158320000000E-01
output.not_defined,2.00400801600000E-01