key,share
input.electricity,2.05061121200630E-01
input.coal_gas,4.28675456701997E-01
input.coal,5.52615283733048E-02
input.cokes,7.77099982121025E-02
input.network_gas,2.29461163448050E-01
input.crude_oil,3.80838240193220E-03
input.steam_hot_water,2.23496619831702E-05
output.not_defined,1.53944471740076E-01