key,share
input.electricity,3.72390592416729E-01
input.coal,6.62205319291552E-02
input.network_gas,5.61388875654115E-01
output.not_defined,1.40417290906236E-01