key,share
input.electricity,2.07863149359443000E-01
input.coal_gas,4.21497039822164E-01
input.coal,5.54450431859248000E-02
input.cokes,7.64086996325449000E-02
input.network_gas,2.35019483745917000E-01
input.crude_oil,3.74460884995604000E-03
input.steam_hot_water,2.19754040490378000E-05