key,share
input.electricity,2.04384445129200E-01
input.coal_gas,4.24169939938523E-01
input.coal,5.57966448542205E-02
input.cokes,7.68932411662762E-02
input.network_gas,2.34965259072492E-01
input.crude_oil,3.76835507943131E-03
input.steam_hot_water,2.21147598558176E-05
output.not_defined,1.52326465886871E-01