key,share
input.electricity,6.24744367239163E-01
input.coal,0.00000000000000E+00
input.network_gas,3.75255632760837E-01
output.not_defined,3.08185069224384E-01