key,share
input.electricity,2.04658004702125E-01
input.coal_gas,4.24737672710671E-01
input.coal,5.58713262044930E-02
input.cokes,7.69961593810207E-02
input.network_gas,2.33941293785563E-01
input.crude_oil,3.77339885664002E-03
input.steam_hot_water,2.21443594873241E-05
output.not_defined,1.52530348148688E-01