key,share
input.electricity,1.80852434812855E-01
input.coal_gas,5.09690441091841E-01
input.coal,4.55081387793615E-02
input.cokes,6.51242701656162E-02
input.network_gas,1.95614399417445E-01
input.crude_oil,3.19158576944587E-03
input.steam_hot_water,1.87299634357152E-05
output.not_defined,1.29011988145206E-01