key,share
input.electricity,6.31280951641274E-01
input.coal,0.00000000000000E+00
input.network_gas,3.68719048358726E-01
output.not_defined,3.01094128507832E-01