key,share
input.crude_oil,1.00000000000000E+00
output.refinery_gas,3.90782408668076E-02
output.lpg,2.66935902781871E-02
output.gasoline,6.60896900170841E-02
output.kerosene,1.48678791518487E-01
output.diesel,3.34756917585324E-01
output.heavy_fuel_oil,1.37791248896738E-01
output.crude_oil,2.47098546836437E-01