key,share
input.electricity,2.44500000000000E-01
input.coal,1.76300000000000E-01
input.network_gas,5.79200000000000E-01
output.not_defined,2.00400000000000E-01