key,share
input.electricity,6.23405938220478E-01
input.coal,0.00000000000000E+00
input.network_gas,3.76594061779522E-01
output.not_defined,3.07524825032671E-01