key,share
output.coal_gas,2.21918974227907E-01
output.cokes,7.41687606295770E-01