key,share
output.steam_hot_water,7.42901103219633E-01
output.loss,2.57098896780367E-01