key,share
input.coal,4.42958162093080E-01
input.cokes,5.57041837906920E-01
output.coal_gas,4.25202282617591E-01