key,share
input.bio_oil,0.00000000000000E+00
input.crude_oil,9.14907879808563E-02
input.network_gas,9.08509212019144E-01