key,share
input.bio_oil,0.00000000000000E+00
input.crude_oil,1.03840913636238E-01
input.network_gas,8.96159086363762E-01