key,share
input.network_gas,1.53587913957917E-01
input.electricity,1.53893106553106E-01
input.ambient_heat,6.92518979488977E-01