key,share
input.network_gas,2.64994257684226E-01
input.electricity,1.83751435578943E-01
input.ambient_heat,5.51254306736831E-01