key,share
input.coal,0.00000000000000E+00
input.crude_oil,0.00000000000000E+00
input.network_gas,1.00000000000000E+00