key,share
input.bio_oil,0.00000000000000E+00
input.crude_oil,2.76034176465612E-01
input.network_gas,7.23965823534388E-01