key,share
input.coal,0.00000000000000E+00
input.cokes,1.00000000000000E+00
output.coal_gas,3.99906523761034E-01