key,share
output.coal_gas,2.09563232110800E-01
output.cokes,8.56876548297406E-01