key,share
input.electricity,0.00000000000000E+00
input.coal_gas,1.00000000000000E+00
input.coupling_carrier,1.66575667150069E+01