key,share
input.crude_oil,9.52567474877602E-01
input.useable_heat,4.74325251223981E-02
output.refinery_gas,4.01509101420781E-02
output.lpg,4.36118261580756E-02
output.gasoline,1.95103493408461E-01
output.kerosene,3.89088141710099E-02
output.diesel,3.58819059457442E-01
output.heavy_fuel_oil,1.25133857808207E-01
output.oil_products,1.40449882213797E-01