key,share
output.coal_gas,1.83995659791064E-01
output.cokes,7.42054365562869E-01