key,share
output.coal_gas,1.83995713480749E-01
output.cokes,7.42053910839301E-01