key,share
input.bio_oil,1.28087649790220E-01
input.crude_oil,2.26401360511287E+00
input.network_gas,-1.39210125490309E+00