key,share
input.electricity,3.92821376698656E-02
input.coal_gas,9.60717862330134E-01
input.coupling_carrier,1.10387648311127E+01