key,share
input.coal,2.25205862636862E-01
input.cokes,7.74794137363138E-01
output.coal_gas,4.34876234141336E-01