key,share
input.bio_oil,3.49459349131643E-02
input.crude_oil,5.40073539567085E-02
input.network_gas,9.11046711130127E-01