key,share
input.coal,4.23470931315558E-01
input.cokes,5.76529068684442E-01
output.coal_gas,3.99934963997354E-01