key,share
output.coal_gas,2.04633443800911E-01
output.cokes,7.69064761973836E-01