key,share
input.electricity,3.78974346664402E-02
input.coal_gas,9.62102565333560E-01
input.coupling_carrier,1.18639300400504E+01