key,share
input.electricity,3.78974346664402E-02
input.coal_gas,9.62102565333560E-01
