key,share
input.bio_oil,1.39768270548515E-02
input.crude_oil,2.23179166449613E-02
input.network_gas,9.63705256300187E-01