key,share
input.crude_oil,1.00000000000000E+00
output.refinery_gas,2.66520039040369E-02
output.lpg,1.94625961164011E-02
output.gasoline,1.35486002532606E-01
output.kerosene,4.81048443941347E-02
output.diesel,3.47933123123192E-01
output.heavy_fuel_oil,1.44441617412254E-01
output.crude_oil,2.71244515200070E-01