key,share
output.coal_gas,2.10688740564794E-01
output.cokes,7.19417579013486E-01