key,share
input.electricity,3.81896148950910E-02
input.coal_gas,9.61810385104909E-01
input.coupling_carrier,1.00203749550237E+01