key,demand,max_demand
energy_production_biogenic_waste,5.28148500000000E+04,1.02035000000000E+05
energy_production_non_biogenic_waste,5.28148500000000E+04,1.02035000000000E+05
energy_production_oily_biomass,5.28148500000000E+04,1.02035000000000E+05
energy_production_wet_biomass,5.28148500000000E+04,1.02035000000000E+05
energy_production_dry_biomass,,5.82942025657440E+05
