key,demand,max_demand
energy_production_biogenic_waste,3.52012300000000E+04,3.85886213583970E+04
energy_production_non_biogenic_waste,2.88004500000000E+04,3.15718984819975E+04
energy_production_oily_biomass,3.52012300000000E+04,3.85886213583970E+04
energy_production_wet_biomass,3.52012300000000E+04,3.85886213583970E+04
energy_production_dry_biomass,,6.31286750700000E+04
