key,share
input.bio_oil,0.00000000000000E+00
input.crude_oil,1.03812099669243E-01
input.network_gas,8.96187900330757E-01