key,share
input.bio_oil,0.00000000000000E+00
input.crude_oil,2.67508857865251E-01
input.network_gas,7.32491142134749E-01