key,share
output.coal_gas,1.81159033459266E-01
output.cokes,7.16939767150283E-01