key,share
input.coal,2.64674905370097E-01
input.cokes,7.35325094629903E-01
output.coal_gas,3.99949952689801E-01