key,share
input.electricity,0.00000000000000E+00
input.coal_gas,1.00000000000000E+00
input.coupling_carrier,9.98547520908227E+00