key,share
input.crude_oil,9.51859546400180E-01
input.useable_heat,4.81404535998202E-02
output.refinery_gas,4.18447943953238E-02
output.lpg,3.67916484452922E-02
output.gasoline,2.46946488736420E-01
output.kerosene,1.10118003660593E-01
output.diesel,3.35188630103392E-01
output.heavy_fuel_oil,9.12404352887267E-02
output.oil_products,7.28163531493027E-02