key,share
input.crude_oil,1.00000000000000E+00
output.refinery_gas,4.39611017755464E-02
output.lpg,3.86523921354090E-02
output.gasoline,2.59435848146234E-01
output.kerosene,1.15687239863325E-01
output.diesel,3.52140850371292E-01
output.heavy_fuel_oil,9.58549353565736E-02
output.crude_oil,7.64990522232881E-02