key,demand,max_demand
energy_production_biogenic_waste,0.00000000000000E+00,0.00000000000000E+00
energy_production_non_biogenic_waste,0.00000000000000E+00,0.00000000000000E+00
energy_production_oily_biomass,0.00000000000000E+00,0.00000000000000E+00
energy_production_wet_biomass,0.00000000000000E+00,0.00000000000000E+00
energy_production_dry_biomass,,6.32534160100000E+04
