key,share
output.coal_gas,1.92723713275447E-01
output.cokes,6.95158610108613E-01