key,share
input.coal,3.50014062456055E-01
input.cokes,6.49985937543945E-01
output.coal_gas,3.99929687719726E-01