key,share
input.bio_oil,0.00000000000000E+00
input.crude_oil,9.22851169746853E-02
input.network_gas,9.07714883025315E-01