key,share
input.electricity,5.05221858849099E-03
input.coal_gas,9.94947781411509E-01
input.coupling_carrier,8.55453105309613E+00