key,share
input.bio_oil,0.00000000000000E+00
input.crude_oil,1.63191379313522E-01
input.network_gas,8.36808620686478E-01