key,share
input.crude_oil,9.31248937249283E-01
input.useable_heat,6.87510627507173E-02
output.refinery_gas,3.59509496789328E-02
output.lpg,2.76163447875251E-02
output.gasoline,1.12227665630993E-01
output.kerosene,1.29440436909105E-01
output.diesel,3.98052553210497E-01
output.heavy_fuel_oil,9.22191006396328E-02
output.crude_oil,1.15499761281771E-01