key,share
input.bio_oil,9.99893402257678E-03
input.crude_oil,7.43362185150625E-02
input.network_gas,9.15664847462361E-01