key,share
input.electricity,4.62559404876403E-02
input.coal_gas,9.53744059512360E-01
input.coupling_carrier,1.31309583658424E+01