key,share
output.steam_hot_water,8.389820040264826E-01
output.loss,1.610179959735174E-01
