key,share
input.bio_oil,1.71388143553662E-02
input.crude_oil,1.27417047270532E-01
input.network_gas,8.55444138374102E-01