key,share
input.electricity,3.91714387646664E-02
input.coal_gas,9.60828561235334E-01
input.coupling_carrier,1.04152448802045E+01