key,share
output.coal_gas,1.95813738434409E-01
output.cokes,7.52127526144812E-01