key,share
input.coal,3.01926329882031E-01
input.cokes,6.98073670117969E-01
output.coal_gas,4.41365201577646E-01