key,share
input.bio_oil,1.37903225806452E-02
input.crude_oil,1.17903225806452E-01
input.network_gas,8.68306451612903E-01