key,share
input.electricity,4.24732217505980E-02
input.coal_gas,9.57526778249402E-01
input.coupling_carrier,1.32226258617899E+01