key,share
output.coal_gas,1.96882768596513E-01
output.cokes,7.47377161889588E-01