key,share
input.bio_oil,1.22265122265122E-02
input.crude_oil,8.63984285036916E-02
input.network_gas,9.01375059269796E-01