key,share
input.coal,3.41780202281324E-01
input.cokes,6.58219797718676E-01
output.coal_gas,4.48765245313740E-01