key,share
output.coal_gas,1.98556280374686E-01
output.cokes,7.59069953074404E-01