key,share
input.electricity,3.74687955496770E-03
input.coal,9.96253120445032E-01
output.cokes,7.56225809386439E-01
output.coal_gas,1.05905838029486E-01