key,share
input.electricity,4.24732217505980E-02
input.coal_gas,9.57526778249402E-01
