key,share
input.bio_oil,9.23878466709278E-03
input.crude_oil,6.71253758653163E-02
input.network_gas,9.23635839467591E-01