key,share
input.ambient_heat,0.444444444444445
input.electricity,0.222222222222222
input.network_gas,0.333333333333333