key,share
input.network_gas,3.30000000000000E-01
input.electricity,2.20000000000000E-01
input.ambient_heat,4.50000000000000E-01