key,share
input.electricity,5.06312501725178E-01
input.coal,0.00000000000000E+00
input.network_gas,4.93687498274822E-01
output.not_defined,1.73450086502706E-01