key,share
input.electricity,2.25185816290162E-01
input.coal_gas,4.12544781796483E-01
input.coal,1.50968605452717E-01
input.cokes,0.00000000000000E+00
input.network_gas,1.91549341586645E-01
input.crude_oil,1.37414524642816E-02
input.steam_hot_water,6.01000240971085E-03
output.not_defined,1.18790499754688E-01