key,share
input.electricity,5.09182467448624E-01
input.coal,0.00000000000000E+00
input.network_gas,4.90817532551376E-01
output.not_defined,1.72441764832153E-01