key,share
input.crude_oil,1.00000000000000E+00
output.refinery_gas,4.41517602277924E-02
output.lpg,2.83864209845133E-02
output.gasoline,1.93674278474666E-01
output.kerosene,5.17315068059788E-02
output.diesel,4.30747885231035E-01
output.heavy_fuel_oil,7.39121189858499E-02
output.crude_oil,1.63247030845813E-01