key,share
input.coal,5.50625069017424E-02
input.crude_oil,1.27726651116422E-01
input.network_gas,8.17210841981836E-01