key,share
input.crude_oil,9.50154194567446E-01
input.useable_heat,4.98458054325536E-02
output.refinery_gas,4.19509801779731E-02
output.lpg,2.69714769671927E-02
output.gasoline,1.84020428072528E-01
output.kerosene,4.91529081829952E-02
output.diesel,4.09276909953325E-01
output.heavy_fuel_oil,7.02279098837735E-02
output.crude_oil,1.55109851108831E-01