key,share
input.bio_oil,0.00000000000000E+00
input.crude_oil,1.93642803088903E+01
input.network_gas,-1.83642803088903E+01