key,share
input.bio_oil,0.00000000000000E+00
input.crude_oil,4.05838210066563E-01
input.network_gas,5.94161789933437E-01