key,share
input.bio_oil,0.00000000000000E+00
input.crude_oil,4.10893906767931E-01
input.network_gas,5.89106093232069E-01