key,share
input.coal,1.02871251291946E-01
input.cokes,8.97128748708054E-01
output.coal_gas,4.89916455299009E-01