key,share
input.electricity,7.12765604485712E-02
input.coal_gas,9.28723439551429E-01
input.coupling_carrier,9.43394679810867E+00