key,share
output.coal_gas,1.92994078587278E-01
output.cokes,7.32927085882354E-01