key,share
input.ambient_heat,0.631990003124023
input.electricity,0.18056857232115
input.network_gas,0.187441424554827