key,share
input.crude_oil,9.41295059226852E-01
input.useable_heat,5.87049407731482E-02
output.refinery_gas,4.18257840691026E-02
output.lpg,2.03004802430236E-02
output.gasoline,1.37654085274711E-01
output.kerosene,3.23903423248513E-02
output.diesel,3.93753492508887E-01
output.heavy_fuel_oil,1.12334590854877E-01
output.crude_oil,1.57933932635204E-01