key,demand,max_demand
energy_distribution_greengas,4.06285142857140E+03,
energy_production_biogenic_waste,5.92066050000000E+04,1.20000000000000E+05
energy_production_non_biogenic_waste,8.87474550000000E+04,1.80000000000000E+05
energy_production_oily_biomass,8.87474550000000E+04,1.80000000000000E+05
energy_production_wet_biomass,8.87474550000000E+04,1.80000000000000E+05
energy_production_dry_biomass,,6.05262172600000E+04
