key,share
input.coal,2.25205946660956E-01
input.cokes,7.74794053339044E-01
output.coal_gas,4.34876284527141E-01