key,share
input.electricity,2.36880356521488E-03
input.coal,9.97631196434785E-01
output.cokes,7.27839576560335E-01
output.coal_gas,9.84847576939813E-02