key,share
input.electricity,2.54433972178795E-02
input.coal_gas,9.74556602782120E-01
input.coupling_carrier,1.07155895831050E+01