key,share
input.coal,2.52575889378970E-01
input.cokes,7.47424110621030E-01
output.coal_gas,4.53025597486103E-01