key,share
output.coal_gas,1.89666151122164E-01
output.cokes,7.29567779317047E-01