key,share
input.bio_oil,8.59340166679106E-03
input.crude_oil,1.03536277079531E-01
input.network_gas,8.87870321253678E-01