key,share
input.electricity,2.54433972178795E-02
input.coal_gas,9.74556602782120E-01
