key,share
input.crude_oil,9.52386752029008E-01
input.useable_heat,4.76132479709920E-02
output.refinery_gas,4.24264505530962E-02
output.lpg,2.82635385804649E-02
output.gasoline,2.26163683616499E-01
output.kerosene,7.15846389539026E-02
output.diesel,3.65215687561124E-01
output.heavy_fuel_oil,7.78321692619373E-02
output.crude_oil,1.26278839363440E-01