key,share
output.coal_gas,2.00000000000000E-01
output.cokes,7.00000000000000E-01