key,share
input.electricity,1.00000000000000E+00
input.coal_gas,0.00000000000000E+00
