key,share
input.bio_oil,0.00000000000000E+00
input.crude_oil,7.98885257522239E-01
input.network_gas,2.01114742477761E-01