key,share
input.bio_oil,0.00000000000000E+00
input.crude_oil,4.78541288613603E-01
input.network_gas,5.21458711386397E-01