key,share
output.coal_gas,1.00000000000000E+00
output.cokes,0.00000000000000E+00