key,share
output.steam_hot_water,7.955441314676042E-01
output.loss,2.0445586853239583E-01
