key,share
input.bio_oil,0.00000000000000E+00
input.crude_oil,8.13174245032580E-01
input.network_gas,1.86825754967420E-01