key,share
input.coal,4.40000000000000E-01
input.cokes,5.60000000000000E-01
output.coal_gas,4.00000000000000E-01