key,share
input.bio_oil,0.00000000000000E+00
input.crude_oil,1.56710892357505E+00
input.network_gas,-5.67108923575045E-01