key,share
input.coal,1.00000000000000E+00
input.cokes,0.00000000000000E+00
output.coal_gas,1.00000000000000E+00