key,demand,max_demand
energy_distribution_greengas,4.06285142857140E+03,
energy_production_biogenic_waste,1.25359990000000E+05,1.78379329489559E+05
energy_production_non_biogenic_waste,1.78019010000000E+05,2.53309781216440E+05
energy_production_oily_biomass,1.78019010000000E+05,2.53309781216440E+05
energy_production_wet_biomass,1.78019010000000E+05,2.53309781216440E+05
energy_production_dry_biomass,,8.56300460320886E+05
