key,share
input.bio_oil,3.29340505491591E-02
input.crude_oil,4.29112402681852E-01
input.network_gas,5.37953546768989E-01