key,share
input.bio_oil,1.98533384058607E-02
input.crude_oil,2.58677982287007E-01
input.network_gas,7.21468679307133E-01