key,share
input.bio_oil,1.65958140714811E-02
input.crude_oil,2.16234247896251E-01
input.network_gas,7.67169938032268E-01