key,share
input.bio_oil,1.71740544055405E-02
input.crude_oil,2.23768398568226E-01
input.network_gas,7.59057547026234E-01