key,share
output.coal_gas,2.08175808393755E-01
output.cokes,7.42153190678476E-01