key,share
input.bio_oil,1.66170160001548E-02
input.crude_oil,2.16510497261360E-01
input.network_gas,7.66872486738486E-01