key,share
input.bio_oil,2.07405346493287E-02
input.crude_oil,2.70237657010789E-01
input.network_gas,7.09021808339882E-01