key,share
output.steam_hot_water,8.982519912366925E-01
output.loss,1.0174800876330747E-01
