key,share
input.electricity,3.92826800777553E-02
input.coal_gas,9.60717319922245E-01
input.coupling_carrier,1.10387915031566E+01