key,share
input.electricity,3.54598456627111E-03
input.coal,9.96454015433729E-01
output.cokes,7.39422599124124E-01
output.coal_gas,9.66208549394071E-02