key,share
input.network_gas,1.87000000000000E-01
input.electricity,1.80000000000000E-01
input.ambient_heat,6.33000000000000E-01