key,share
input.coal,1.31382565494441E-01
input.crude_oil,1.76987401828838E-01
input.network_gas,6.91630032676721E-01