key,share
input.electricity,5.76673721754295E-01
input.coal,0.00000000000000E+00
input.network_gas,4.23326278245705E-01
output.not_defined,1.75078534476403E-01