key,share
input.electricity,5.74601004836340E-01
input.coal,0.00000000000000E+00
input.network_gas,4.25398995163660E-01
output.not_defined,1.77276202429077E-01