key,share
input.electricity,2.24332131420371E-01
input.coal_gas,4.87947927695663E-01
input.coal,0.00000000000000E+00
input.cokes,9.95180525179661E-04
input.network_gas,2.86474640439785E-01
input.crude_oil,0.00000000000000E+00
input.steam_hot_water,2.50119919001491E-04
output.not_defined,1.68512692513125E-01