key,share
input.electricity,2.02276129686684E-01
input.coal_gas,2.68500564397896E-01
input.coal,1.13976387256169E-01
input.cokes,1.82938823182344E-01
input.network_gas,1.65723258171492E-01
input.crude_oil,4.88658801757880E-02
input.steam_hot_water,1.77189571296268E-02
output.not_defined,9.61795155536875E-02