key,demand,max_demand
energy_production_biogenic_waste,1.35975000000000E+03,1.07000000000000E+05
energy_production_non_biogenic_waste,2.53811400000000E+04,1.07000000000000E+05
energy_production_oily_biomass,2.53811400000000E+04,1.07000000000000E+05
energy_production_wet_biomass,2.53811400000000E+04,1.07000000000000E+05
energy_production_dry_biomass,,3.04903455442560E+05
