key,demand,max_demand
energy_production_biogenic_waste,3.55857610000000E+05,1.07913100000000E+06
energy_production_non_biogenic_waste,5.71304180000000E+05,1.73246800000000E+06
energy_production_oily_biomass,5.71304180000000E+05,1.73246800000000E+06
energy_production_wet_biomass,5.71304180000000E+05,1.73246800000000E+06
energy_production_dry_biomass,,4.46236791441408E+06
