key,share
output.coal_gas,2.05712566537693E-01
output.cokes,7.36166549247847E-01