key,share
input.bio_oil,0.00000000000000E+00
input.crude_oil,8.27188878182688E-02
input.network_gas,9.17281112181731E-01