key,share
input.bio_oil,0.00000000000000E+00
input.crude_oil,2.48313620665290E-01
input.network_gas,7.51686379334710E-01