key,share
input.network_gas,1.58836612133303E-01
input.electricity,1.52938797793945E-01
input.ambient_heat,6.88224590072752E-01