key,share
input.network_gas,2.72822978507799E-01
input.electricity,1.81794255373050E-01
input.ambient_heat,5.45382766119151E-01