key,share
input.crude_oil,9.52558050727074E-01
input.useable_heat,4.74419492729259E-02
output.refinery_gas,4.14331427064251E-02
output.lpg,2.93384359129262E-02
output.gasoline,8.87821360069542E-02
output.kerosene,1.26376560708837E-01
output.diesel,3.50092942088012E-01
output.heavy_fuel_oil,1.28675935350771E-01
output.crude_oil,1.79430146543893E-01