key,share
input.electricity,2.38854838828010E-01
input.coal,1.75326674299656E-01
input.network_gas,5.85818486872334E-01
output.not_defined,2.00957487104713E-01