key,share
input.bio_oil,0.00000000000000E+00
input.crude_oil,8.72562119998249E-02
input.network_gas,9.12743788000175E-01