key,share
input.electricity,4.00121859283509E-02
input.coal_gas,9.59987814071649E-01
input.coupling_carrier,9.41444032558910E+00