key,share
output.steam_hot_water,7.57188572173795E-01
output.loss,2.42811427826205E-01