key,share
input.bio_oil,0.00000000000000E+00
input.crude_oil,7.97287556276463E-02
input.network_gas,9.20271244372354E-01