key,share
input.bio_oil,0.00000000000000E+00
input.crude_oil,8.06487022023120E-02
input.network_gas,9.19351297797688E-01