key,share
input.bio_oil,0.00000000000000E+00
input.crude_oil,3.10044756615380E-01
input.network_gas,6.89955243384620E-01