key,share
input.network_gas,1.58787948493244E-01
input.electricity,1.52947645728501E-01
input.ambient_heat,6.88264405778255E-01