key,share
input.network_gas,2.72727165467541E-01
input.electricity,1.81818208633115E-01
input.ambient_heat,5.45454625899344E-01