key,share
input.ambient_heat,5.45454545454546E-01
input.electricity,1.81818181818182E-01
input.network_gas,2.72727272727272E-01