key,share
input.ambient_heat,7.29630479687859E-01
input.electricity,1.32660087215974E-01
input.network_gas,1.37709433096167E-01