key,share
input.network_gas,2.72750716048421E-01
input.electricity,1.81812320987895E-01
input.ambient_heat,5.45436962963684E-01