key,share
input.ambient_heat,6.88277322042869E-01
input.electricity,1.52950516009526E-01
input.network_gas,1.58772161947605E-01