key,share
input.ambient_heat,6.15384615384616E-01
input.electricity,1.53846153846154E-01
input.network_gas,2.30769230769230E-01