key,share
input.electricity,1.92937019828914E-01
input.coal_gas,5.68319053261997E-01
input.coal,0.00000000000000E+00
input.cokes,8.25678327656246E-04
input.network_gas,2.37710729853714E-01
input.crude_oil,0.00000000000000E+00
input.steam_hot_water,2.07518727717651E-04
output.not_defined,1.39811094191146E-01