key,share
input.electricity,2.24433298516133E-01
input.coal_gas,4.88167977647560E-01
input.coal,0.00000000000000E+00
input.cokes,9.95629321893951E-04
input.network_gas,2.86152861798793E-01
input.crude_oil,0.00000000000000E+00
input.steam_hot_water,2.50232715619779E-04
output.not_defined,1.68588686707949E-01