key,share
input.coal,3.73659763210282E-01
input.cokes,6.26340236789718E-01
output.coal_gas,3.99924737191353E-01