key,share
output.coal_gas,1.49873304743891E-01
output.cokes,6.68349780045596E-01