key,share
input.bio_oil,0.00000000000000E+00
input.crude_oil,3.90208040154438E-01
input.network_gas,6.09791959845562E-01