key,share
input.bio_oil,0.00000000000000E+00
input.crude_oil,2.59583656281396E-01
input.network_gas,7.40416343718604E-01