key,share
input.bio_oil,0.00000000000000E+00
input.crude_oil,2.61247493918319E-01
input.network_gas,7.38752506081681E-01