key,share
input.electricity,5.55762680072898E-04
input.coal_gas,9.99444237319927E-01
input.coupling_carrier,1.03642800519021E+01