key,share
input.bio_oil,0.00000000000000E+00
input.crude_oil,2.73743285910883E-01
input.network_gas,7.26256714089117E-01