key,share
input.crude_oil,9.51869459487778E-01
input.useable_heat,4.81305405122221E-02
output.refinery_gas,4.09805220237844E-02
output.lpg,2.48021087770901E-02
output.gasoline,1.89579692478387E-01
output.kerosene,6.03336946692697E-02
output.diesel,3.90878883282637E-01
output.heavy_fuel_oil,1.21178606496588E-01
output.oil_products,1.36596041826187E-01